worker_id,efficiency,skill_0,skill_1,skill_2,skill_3,skill_4,skill_5,skill_6,skill_7,skill_8,skill_9
0,0.8877382539707692,0,0,1,0,1,1,0,1,0,0
1,0.9652046947514669,0,0,1,0,0,0,0,0,0,0
2,1.1906541912641204,1,0,0,0,0,1,0,1,0,0
3,0.8355596086592517,0,0,0,0,1,0,0,0,0,0
4,0.9917159438720726,0,0,1,0,1,0,0,0,0,1
5,1.1950201976950678,1,0,1,0,0,0,0,1,0,0
6,0.8792564356075673,0,1,0,0,1,1,0,0,0,1
7,1.1646860727381099,0,1,0,0,0,0,0,1,0,0
8,1.0233000459463433,1,0,0,0,1,0,0,0,0,1
9,1.1132917873903043,0,0,0,0,0,0,0,0,1,0
10,0.9209906358478197,0,1,0,1,1,0,0,0,0,0
11,0.9589203973944938,0,1,0,0,0,1,0,1,0,0
12,0.9183869258761692,0,0,1,1,0,1,0,0,1,0
13,1.1576353844058,0,0,1,0,0,1,1,0,1,0
14,0.8192700410851411,0,0,0,0,0,0,0,0,0,1
15,0.9780270571054341,0,0,1,1,1,0,0,1,0,0
16,1.0247575556809623,0,1,0,0,1,1,1,0,0,0
17,0.9454858521062648,1,0,0,0,0,0,0,0,0,0
18,1.077797231979715,1,0,1,0,0,1,0,0,0,1
19,1.1693472328174475,0,1,1,0,0,0,0,1,0,1
20,0.8122372270168869,0,0,0,1,1,0,0,0,1,1
21,0.8485621754359954,0,1,1,0,0,1,0,0,0,0
22,0.8927625479543934,0,1,1,0,0,1,0,0,1,0
23,1.0571587799100686,1,0,0,0,0,1,0,1,0,1
24,0.8943734403091653,0,0,0,0,0,0,1,0,0,0
25,1.1867463078085945,1,0,0,0,0,0,1,0,0,0
26,0.859666853229341,0,0,0,0,0,0,0,1,0,1
27,0.8187585757989977,0,0,1,0,0,0,0,0,0,0
28,0.9881804586451416,0,0,0,0,0,0,0,1,0,0
29,1.0730309932691697,1,0,1,0,0,0,0,1,0,1
30,1.1517532636755186,0,0,0,0,1,0,0,1,1,1
31,1.0731681488731406,0,1,0,0,0,0,0,1,0,0
32,1.0081146493734026,0,0,1,0,0,0,1,0,1,1
33,0.9868022234069324,0,0,1,0,0,0,0,0,1,0
34,0.9029602400438127,0,0,0,0,0,0,0,1,0,0
35,1.0032113122799333,1,0,1,1,0,1,0,0,0,0
36,1.0297879170455992,1,1,0,0,0,1,0,1,0,0
37,0.9960567542725756,0,1,0,0,0,1,1,0,0,0
38,0.8828720000859022,0,1,1,0,1,0,1,0,0,0
39,0.9803534241896568,0,1,0,0,0,1,0,1,0,0
40,1.175971544283581,0,0,1,0,0,0,1,1,0,1
41,0.924701489777007,1,1,0,1,0,0,0,0,0,1
42,0.8092010273584775,0,0,1,1,0,0,1,1,0,0
43,0.899638336623663,0,0,0,1,1,0,0,0,0,0
44,0.8843933763718262,0,1,0,0,0,0,0,1,1,0
45,0.8810506889146449,1,0,0,0,0,1,0,0,1,0
46,1.068398935409329,0,0,0,0,0,0,1,0,0,0
47,1.0968981775898863,0,0,1,0,0,0,0,0,0,0
48,1.1418209397653827,0,1,0,0,0,0,1,0,0,0
49,0.8337395144168794,0,0,0,1,0,0,1,1,1,0
50,0.8679838161948761,0,1,1,0,0,0,1,1,0,0
51,1.1903649448029028,0,1,1,0,0,0,1,0,0,0
52,0.8009588691348986,0,0,0,0,0,1,1,0,0,0
53,0.983067418335391,0,0,1,1,0,0,0,1,0,0
54,0.8201703615601524,1,0,0,0,1,1,1,0,0,0
55,1.0607282925834483,1,1,0,0,1,0,0,0,0,1
56,1.1985197326435122,1,1,0,0,1,0,0,1,0,0
57,0.985273015173192,0,0,0,0,1,1,0,1,0,1
58,0.9488553227851564,0,1,0,0,0,0,0,0,0,0
59,1.0647490214948339,0,0,1,0,1,0,0,1,0,0
60,1.0694510496306777,1,0,0,1,0,0,0,0,0,1
61,1.0390284533225587,0,1,0,1,0,0,1,1,0,0
62,1.0350031277950922,0,1,0,0,0,0,0,0,0,0
63,0.8387292170366136,0,0,0,0,1,0,1,0,1,1
64,1.1989593855180516,1,0,0,0,1,0,1,0,0,0
65,1.0548923899546716,0,1,1,0,0,0,1,0,1,0
66,0.8940957315323236,0,1,1,0,0,0,0,0,0,0
67,1.164406810965827,0,1,0,1,0,0,1,0,1,0
68,0.8672829702015631,1,1,0,0,1,0,0,0,0,1
69,0.9365080885900551,1,0,0,0,0,0,0,0,0,0
70,1.0136158002555506,0,0,1,0,0,1,1,0,0,0
71,0.9475419135235091,0,0,1,0,1,0,1,1,0,0
72,1.0019828953947876,1,1,0,0,1,0,0,0,0,0
73,0.9872691747882293,0,0,0,0,0,0,0,0,1,0
74,0.9069857221432271,0,0,0,1,0,0,0,0,0,1
75,1.0823846180838943,0,0,1,1,1,0,1,0,0,0
76,0.8428376636167766,1,0,0,0,0,1,0,0,0,0
77,0.8664954355738488,1,0,1,0,1,0,0,1,0,0
78,1.1277684303366782,0,0,1,0,0,0,0,0,0,0
79,1.1005676779357338,0,0,0,0,1,0,0,0,0,0
80,0.9116970263595722,0,0,0,0,0,1,0,0,0,0
81,1.1422742863369082,0,0,1,0,0,0,1,0,1,1
82,1.0960726055061953,0,0,0,0,0,0,1,0,0,0
83,1.1662109648804484,1,0,0,1,0,0,0,0,0,0
84,0.9134153482599497,0,0,0,0,0,1,0,0,1,0
85,0.8672026362737201,0,0,0,0,0,0,0,0,1,0
86,0.8929797536994556,0,0,0,0,0,0,0,0,0,1
87,1.1286308692416758,0,0,1,0,0,1,0,1,0,0
88,1.1410606354191044,1,1,0,0,0,0,0,0,0,1
89,0.8373965320916937,0,0,0,1,0,0,0,0,0,1
90,1.039012104043791,0,0,0,0,0,1,0,0,0,0
91,1.1856183841724448,0,0,1,0,0,0,1,0,0,1
92,1.0864059324667128,1,0,0,0,1,0,1,0,0,1
93,0.823373833953551,0,0,1,0,0,0,0,0,0,1
94,1.0402515101523682,1,0,0,0,0,0,0,1,0,0
95,1.189788461737491,1,1,0,1,0,1,0,0,0,0
96,1.1700808954865591,0,0,0,0,0,0,0,1,1,0
97,1.0450262743523495,0,0,0,1,1,1,0,0,0,0
98,1.1562393218622753,0,0,0,0,0,0,1,0,0,0
99,0.8810393702614706,1,0,0,1,1,0,0,0,0,1
100,1.1728511036591631,0,0,0,1,0,0,0,1,0,0
101,0.921489853687416,0,0,0,1,0,0,1,0,0,0
102,1.172909346843179,1,0,0,0,0,1,0,1,0,0
103,0.9732549730237234,1,0,0,0,0,1,0,0,1,1
104,0.9295268932790518,0,0,1,1,0,0,1,0,0,1
105,1.0568157829250096,0,1,0,0,0,1,0,0,0,0
106,1.0552743520739793,0,0,1,0,0,0,0,0,1,0
107,1.0651814597721194,1,1,0,0,1,0,0,0,1,0
108,1.0387266886802076,0,1,0,0,0,0,0,0,0,0
109,0.987573511551238,0,0,1,0,0,0,0,0,0,0
110,1.1672886139778944,0,0,1,0,0,1,0,0,1,1
111,1.0758514013857565,0,0,0,0,1,0,0,0,0,0
112,0.970117049109069,0,0,0,0,0,0,0,0,1,0
113,1.0821152909843432,1,0,0,0,0,0,1,1,0,0
114,1.1787284763050643,0,0,1,0,0,1,0,0,0,1
115,0.8224280588876728,0,0,0,0,1,0,0,0,0,0
116,0.9596521562780097,0,0,0,0,1,0,0,0,0,0
117,0.861952210326966,1,0,0,0,1,1,0,1,0,0
118,1.1738157869819679,0,0,0,0,1,0,0,1,1,0
119,1.07837545224567,0,0,0,1,0,1,0,0,0,1
120,1.0787562520676193,1,0,0,1,0,0,0,1,0,1
121,1.0327920808460271,1,1,0,0,1,0,0,0,0,0
122,0.8275707618525667,0,0,1,0,0,0,0,0,0,0
123,1.1787164775553571,0,1,0,0,0,0,1,1,0,1
124,1.1548053705172765,0,0,0,1,0,1,1,1,0,0
125,1.1402766121524552,0,0,0,1,1,0,0,0,0,0
126,0.8992044115546809,0,0,1,0,0,0,0,0,1,0
127,0.93565217619222,0,1,0,0,0,0,0,0,0,1
128,0.98654267981093,0,1,0,1,0,0,0,1,1,0
129,1.1944516841406025,0,0,0,1,1,1,0,0,0,0
130,0.8745623240039702,0,1,0,1,1,0,0,1,0,0
131,0.993631242068101,0,0,0,1,0,0,0,1,0,0
132,1.1117605161029034,0,0,0,0,0,0,1,0,0,0
133,1.114759817475732,0,0,1,1,1,0,1,0,0,0
134,1.0306819139456105,0,0,0,0,0,0,1,0,0,0
135,0.9968094525431808,1,0,0,0,1,0,0,0,0,0
136,1.070896765455037,0,0,0,0,1,0,0,1,0,0
137,0.9180024839753584,0,0,0,0,1,0,0,0,0,0
138,0.8728339515894152,0,0,0,0,1,0,0,0,0,0
139,0.9142583108720038,1,0,1,1,0,0,0,0,1,0
140,1.072052551950048,0,0,0,0,0,0,0,1,0,1
141,0.9184891993663572,0,1,1,0,0,0,1,0,0,1
142,0.8927695403521125,0,0,0,0,0,0,0,1,0,0
143,0.8653335339250326,0,0,0,1,0,0,0,1,0,0
144,1.1340393153696664,0,1,0,0,0,0,1,0,0,0
145,0.8748599742999257,1,0,0,0,0,0,0,0,0,1
146,1.0397954083221344,1,0,0,1,0,0,0,0,0,0
147,1.1307709644969823,0,0,1,1,0,0,0,0,0,0
148,1.0596841607197824,0,0,0,0,1,1,1,1,0,0
149,1.0553209578266225,0,1,0,0,0,0,1,0,1,0
150,1.129707439503896,0,0,1,0,0,1,0,1,0,1
151,0.8665641970789809,1,1,0,0,1,0,0,0,1,0
152,1.1928347468028417,1,0,0,0,0,0,0,0,0,0
153,0.8475193184854641,0,0,1,0,1,0,1,0,1,0
154,1.0882594598021045,0,1,0,1,1,0,0,0,0,0
155,1.103706254701407,0,0,0,0,0,1,0,0,1,0
156,1.100607220560836,1,1,1,0,0,0,0,0,0,0
157,1.0111585966234808,0,0,0,0,0,1,0,0,0,1
158,1.1728823829946289,0,1,0,1,0,0,0,0,0,1
159,0.8451710986193768,1,0,0,1,1,0,1,0,0,0
160,0.8714314804538921,0,1,0,1,0,0,0,1,1,0
161,0.8496328181568834,0,0,0,1,1,1,0,1,0,0
162,0.967069119477611,0,0,0,0,0,1,0,1,0,1
163,1.1871877199806313,0,0,1,0,1,1,0,0,1,0
164,1.0907353529194457,0,1,0,0,0,0,0,1,0,0
165,0.930032929381895,1,0,0,1,0,0,0,0,0,1
166,1.1440506404376611,0,0,0,1,1,0,0,1,0,1
167,0.8582196442034917,0,0,0,0,1,1,0,0,1,1
168,1.1482507694602313,0,0,0,0,0,0,0,1,0,0
169,1.0180180877355438,0,1,0,0,1,0,0,0,1,0
170,0.9371249139135744,0,0,1,0,0,0,0,0,0,0
171,1.074002729191697,0,0,0,0,1,0,0,0,0,1
172,1.1907461702098532,0,0,1,0,0,0,0,0,0,1
173,0.8635321992998879,0,0,0,0,0,0,1,0,0,0
174,0.9186123741027052,0,0,0,0,0,0,0,0,0,1
175,1.1524401974328344,0,0,1,0,1,1,0,1,0,0
176,1.1490210766194102,0,0,1,0,0,1,0,1,0,0
177,1.0765654535419211,1,0,0,1,1,0,0,0,1,0
178,1.1878788078202844,0,0,0,0,0,0,0,0,1,1
179,0.8603307856517907,0,0,0,0,0,0,1,0,0,0
180,0.8736982530162929,1,0,0,1,0,0,0,1,0,0
181,0.9122198910575584,0,0,0,0,0,0,0,0,1,1
182,0.8419399854595816,0,0,0,0,1,0,0,0,1,1
183,1.1183904461362293,0,1,0,0,0,1,0,0,0,0
184,1.1966708676505529,1,0,0,0,0,0,0,0,0,0
185,0.8401787254227803,0,1,0,1,0,0,0,0,0,1
186,0.8013342443324097,0,0,1,0,0,0,1,0,0,0
187,0.8989328074098565,0,0,0,0,0,1,1,1,0,0
188,1.196703720320604,1,0,0,0,0,1,0,0,0,1
189,1.0608907457610122,0,0,1,0,0,0,0,1,0,0
190,1.1411803026036842,0,0,0,0,0,0,0,1,0,0
191,0.8837698456511174,1,0,0,0,0,1,0,0,0,1
192,0.8442650664918571,0,0,0,0,0,1,0,0,0,0
193,0.8098742754755314,0,0,1,0,0,1,1,0,0,1
194,1.1820655579698598,0,0,1,1,0,0,0,0,0,0
195,0.9932496028251045,0,0,1,0,0,0,0,0,0,0
196,0.8264616589594097,0,0,0,0,0,0,0,1,0,0
197,0.8798482686508746,0,0,0,1,0,0,1,0,1,0
198,0.8857491900871296,1,0,1,0,0,0,0,0,0,0
199,0.8105211614411615,0,0,1,0,0,0,0,0,0,0
200,0.9064602789640095,0,0,0,1,1,0,0,1,0,0
201,1.1297390530296645,1,0,0,0,0,0,0,1,0,1
202,0.8114903714577041,0,0,0,1,0,0,0,0,0,0
203,0.8750825511646714,0,1,0,0,0,1,0,0,0,1
204,0.8154696805132491,0,0,1,1,0,0,0,0,1,0
205,1.1601285065650537,0,0,0,1,0,0,0,1,0,0
206,1.1358049246593567,0,0,0,1,0,0,1,0,1,0
207,0.8763803861383542,0,0,0,1,0,0,0,1,0,1
208,1.1191564389304345,0,0,1,0,0,0,0,0,0,0
209,1.147349991547907,0,0,0,0,0,0,0,1,0,0
210,1.0403652820414895,1,1,1,0,0,0,0,0,1,0
211,1.0387749388647531,0,0,0,1,0,0,1,0,1,0
212,1.0120662639698619,1,0,1,0,1,1,0,0,0,0
213,0.8885168752847481,1,0,0,0,0,0,0,0,0,0
214,0.835426291906531,0,0,0,0,0,0,1,0,0,0
215,0.9791136571798944,0,0,0,0,0,0,0,0,1,0
216,0.9679075288996329,0,1,0,0,0,0,0,1,0,0
217,0.9772262392658664,0,0,1,0,0,0,0,0,0,0
218,0.8300520022971227,0,0,1,0,1,0,1,0,0,0
219,0.9120625151151907,0,0,1,0,0,0,0,0,0,0
220,0.8816996651373329,0,0,0,1,0,0,0,0,0,0
221,1.152897402502138,0,0,0,1,1,0,0,0,1,0
222,1.0991605106492444,0,0,1,0,0,1,0,0,0,1
223,1.0686974743379563,0,0,1,0,0,1,1,0,1,0
224,0.8957031474944859,0,0,0,0,0,0,0,0,0,1
225,0.8661258023179655,0,0,0,0,1,0,1,1,0,1
226,0.9447087138047754,0,0,0,0,0,1,0,1,1,0
227,1.0929387830629083,0,1,0,0,0,0,1,0,0,0
228,1.0243823688257367,0,0,1,0,1,1,1,0,0,0
229,1.0202458070960654,0,1,0,0,1,1,0,1,0,0
230,1.0880335887607233,0,0,1,0,0,0,0,0,0,0
231,0.8264343993733277,0,1,0,0,0,1,0,0,1,0
232,0.8750473221400858,0,0,0,0,1,1,1,0,0,0
233,1.0464017636328533,0,1,1,0,1,0,0,0,0,1
234,0.983707841199501,1,0,1,0,0,1,0,0,0,0
235,1.0163555351707416,0,0,0,0,0,0,0,1,1,1
236,0.8050766781145682,0,0,0,1,0,0,0,0,0,0
237,0.9947309142067742,0,1,0,1,0,1,1,0,0,0
238,1.0043560747213545,0,1,0,0,0,0,0,0,0,0
239,1.0708872936504912,0,1,1,0,0,0,0,1,0,0
240,1.042143835143021,0,1,0,0,1,0,0,0,1,0
241,0.8948687305551515,0,1,0,0,0,1,0,1,0,0
242,1.1211692210536826,0,0,0,0,0,1,0,0,0,0
243,1.0315128774610434,1,1,0,1,0,0,0,0,0,0
244,1.0383453304011265,1,0,0,1,1,0,0,0,1,0
245,0.9360209217155497,1,0,0,0,0,1,0,1,0,0
246,0.9345005767477502,0,0,0,1,0,0,0,0,0,0
247,1.1163023939526975,0,1,1,0,0,1,0,0,0,0
248,0.8285820775446591,0,1,0,0,0,0,0,0,1,0
249,1.1875517476853643,0,0,0,0,0,0,0,1,0,0
250,0.9153219893023002,0,0,0,1,0,0,0,0,0,0
251,0.8778669009863177,0,1,1,0,0,0,0,0,0,0
252,1.075192864465258,0,1,0,0,0,0,0,0,0,0
253,1.0991718516309614,0,0,0,1,0,0,0,0,0,0
254,1.1382784135801418,0,1,0,0,0,0,0,0,0,0
255,0.9304063141597628,0,0,1,0,0,0,0,1,0,0
256,0.9724337430586285,0,0,1,0,0,1,0,0,1,0
257,1.124855282548008,0,0,0,0,0,0,1,0,1,1
258,0.9585568682615443,0,0,0,0,1,0,0,0,0,0
259,1.1278433393817529,0,0,1,1,0,0,0,1,1,0
260,1.0392903387464059,0,0,0,0,0,0,0,0,1,1
261,1.1999326512109276,1,0,0,0,0,1,0,0,0,1
262,0.8649610420824845,1,0,0,1,0,1,0,0,0,1
263,1.1485643970547732,0,1,0,1,0,0,0,1,0,1
264,0.935570515555915,0,0,1,1,1,0,0,0,0,1
265,0.817538601303018,0,0,1,1,0,0,0,0,0,0
266,0.9325546684024069,0,0,1,0,1,0,1,0,0,1
267,1.01007957567371,0,0,0,0,0,0,0,1,1,0
268,0.9647458070278516,0,1,0,0,0,1,0,0,0,0
269,0.9841583613211885,0,0,0,0,0,0,0,1,1,0
270,1.1081020543312095,0,0,0,0,0,0,0,0,1,0
271,1.0544261887212771,0,0,1,0,0,0,1,0,1,1
272,0.9640290830807421,1,1,1,0,0,0,0,0,0,0
273,1.0267652285245943,0,0,0,0,0,1,0,0,1,0
274,0.8593985046598696,0,0,0,1,0,0,0,0,0,1
275,1.0062715956597565,0,0,0,0,1,0,0,0,0,0
276,0.8862939567630986,0,0,1,0,0,0,0,0,0,0
277,1.1692321484480273,0,0,0,1,1,1,0,0,0,0
278,0.8092868361265189,0,0,1,0,1,0,0,1,1,0
279,1.165484208899605,0,1,0,1,1,1,0,0,0,0
280,0.9544459455387041,1,0,1,1,0,0,0,0,0,0
281,0.8926282344895989,0,0,0,0,0,1,0,0,1,1
282,1.0388487460855396,0,0,0,1,0,0,0,0,0,1
283,0.9752808407362509,0,0,1,0,0,0,0,0,0,0
284,1.1834379830872417,0,0,1,0,0,1,0,0,0,0
285,0.8383785061187283,0,0,0,0,0,0,0,1,0,0
286,0.9497997660303251,0,0,0,0,1,1,0,1,0,0
287,0.9251961233501168,0,0,1,1,1,0,0,0,0,0
288,1.04830822918481,0,0,1,0,0,0,1,0,0,1
289,0.8077138200350642,0,0,0,0,0,0,0,1,0,0
290,0.8606035889804353,0,0,0,0,0,0,0,1,0,0
291,1.00199162231507,0,1,0,0,0,0,0,0,0,1
292,1.145682931123882,1,1,0,1,0,0,0,0,1,0
293,1.128079419418812,0,0,0,1,0,0,0,0,0,0
294,0.9540641045801702,0,0,0,0,0,0,1,0,0,1
295,1.169517285924328,0,0,0,0,0,0,0,1,0,1
296,0.9204763889761259,0,0,1,0,0,0,1,1,0,1
297,1.051664426643394,0,0,0,1,0,1,0,0,1,0
298,1.0974503891383363,0,0,0,1,0,0,0,1,0,0
299,0.8009867949731704,1,1,0,0,0,0,0,0,1,0
300,1.0598577535225446,0,1,1,0,0,0,1,0,0,0
301,1.0922754854501309,1,0,0,0,0,1,0,0,0,0
302,1.1524377078869472,1,0,0,1,1,0,0,0,0,0
303,1.1052029515109059,1,0,0,0,0,0,1,0,0,1
304,0.8143452774729592,1,0,0,0,1,0,1,0,0,1
305,1.1466488426216377,1,0,1,0,0,0,0,1,0,1
306,1.0871984812267284,1,1,0,1,0,0,0,0,1,0
307,1.0999903979931032,0,1,1,0,0,0,1,0,0,0
308,1.0808812731776563,0,0,0,0,0,0,0,1,1,0
309,0.9225525207521366,0,0,0,0,1,0,1,0,0,0
310,1.1391791913862919,0,0,1,1,0,0,0,1,0,1
311,1.0256241837339517,1,0,0,0,0,0,0,1,0,0
312,0.8601534892979072,0,0,1,0,0,1,0,1,1,0
313,1.055649695612325,0,0,0,0,0,1,0,0,0,0
314,0.836836324717658,0,1,1,0,1,0,0,0,0,0
315,0.8672491821307426,0,0,0,0,0,1,1,1,1,0
316,1.050840914826873,0,0,0,0,0,0,0,0,1,0
317,0.8681278487071873,1,0,0,0,0,0,0,0,0,1
318,0.9310236629649689,0,0,0,0,0,0,0,1,0,0
319,1.0499449916914456,0,0,1,0,0,1,0,1,0,0
320,1.1396006834893586,0,1,0,0,1,0,0,0,1,0
321,0.9536533793835633,0,0,0,0,0,0,1,1,1,0
322,0.8461493643206878,0,0,0,0,0,1,0,0,0,1
323,0.8214809708885846,0,0,0,1,0,0,0,0,0,0
324,1.0858152533131156,0,0,0,0,0,1,0,0,0,0
325,0.9821538508056963,1,0,0,0,0,0,0,0,0,1
326,1.108594988348203,0,0,0,0,0,0,1,1,0,1
327,1.0596067704973464,1,0,0,0,0,0,0,0,0,0
328,1.0725121734672338,0,0,0,0,0,1,1,1,1,0
329,0.972722866430841,0,0,1,0,0,0,1,0,1,1
330,1.0763481860936097,0,0,0,1,0,0,0,1,0,0
331,1.1473802140678147,0,0,1,0,0,0,0,0,0,0
332,1.0619783752057803,0,0,0,0,0,0,0,0,1,0
333,1.15423946980486,0,0,0,1,0,0,0,0,1,0
334,0.9957679230326777,0,0,0,0,0,1,1,1,0,1
335,1.1207392289813463,1,0,0,0,0,0,0,1,1,0
336,0.8111504246452519,0,1,0,1,0,1,0,0,0,0
337,1.1844712684754617,0,1,0,1,0,1,0,0,0,0
338,0.8948861901460854,0,0,0,0,0,0,1,0,0,0
339,0.8332690925077888,0,0,0,0,0,1,0,0,1,0
340,0.8012174152964414,0,0,1,1,0,0,0,0,0,0
341,1.064304740623345,1,0,0,0,0,1,0,1,0,0
342,1.0801478809497294,0,0,0,1,1,0,1,0,0,0
343,1.1780430458621265,0,1,0,0,1,0,1,0,0,0
344,1.034639798083518,0,0,1,0,1,1,0,0,0,0
345,0.9464082274054737,0,0,0,0,1,0,0,0,1,0
346,0.9315220663102675,0,1,0,0,0,1,0,1,0,1
347,0.8593480014831559,1,1,0,0,0,0,0,0,0,0
348,1.1548122596866868,0,0,0,0,0,0,0,0,1,0
349,0.9423130714679355,1,0,1,0,1,0,0,0,1,0
350,0.8216522929554141,0,1,1,0,1,0,1,0,0,0
351,0.8680243692321504,0,1,0,0,0,0,1,0,1,0
352,0.9760479097681709,0,1,0,0,0,0,1,0,0,0
353,0.9633123586955801,0,0,0,0,0,0,0,1,0,0
354,1.0136169495341356,0,0,1,0,0,0,1,0,0,0
355,1.0244070984844016,0,0,0,1,1,0,0,0,1,0
356,0.9886097525118342,0,0,0,0,0,0,1,0,0,1
357,1.089098113825226,0,0,0,0,0,0,0,1,0,1
358,0.9829743360149251,0,0,0,0,0,1,0,0,0,0
359,1.1308868438321995,0,0,0,0,0,1,0,0,0,0
360,0.9154476785621691,0,1,0,0,0,0,0,0,0,0
361,0.980920314023641,0,0,0,0,1,1,1,0,0,0
362,0.8064584544913578,0,0,0,0,0,0,1,0,0,0
363,0.9622641877904881,0,0,1,1,0,0,0,1,0,0
364,0.9810426003000968,0,0,1,0,1,0,0,1,0,0
365,0.9552956521519986,0,0,0,0,0,0,0,1,0,1
366,0.8601247680958544,0,1,1,0,0,0,0,0,0,0
367,0.9673572731877397,1,0,0,0,1,0,0,0,0,0
368,0.9412359148095789,0,0,1,0,0,0,0,0,0,1
369,1.1572311158084176,0,1,0,0,0,0,0,0,0,0
370,1.1289873956318268,1,0,0,1,0,0,0,0,0,1
371,1.0359165000833792,0,0,1,0,1,0,1,0,1,0
372,0.8824854765800211,0,0,0,0,0,0,0,0,1,0
373,1.035517257680661,0,0,0,0,1,0,0,0,0,0
374,0.8200267891965729,1,0,0,1,0,0,0,1,1,0
375,1.1647351685997405,1,0,0,1,0,0,0,1,0,0
376,0.9015169715388002,0,0,0,1,0,0,0,1,0,1
377,1.1296525217259508,0,0,1,0,0,0,0,0,0,0
378,0.9887593632852765,0,0,1,0,1,0,0,1,0,0
379,0.8980824950706452,0,1,0,0,0,0,0,1,1,1
380,0.9691640685765236,1,0,0,1,0,0,1,0,1,0
381,1.1992591419875442,0,1,0,0,0,0,0,0,0,0
382,1.118644622996074,0,0,0,1,0,0,0,0,1,0
383,1.134575857597691,1,0,1,0,0,0,0,1,0,0
384,1.0035202196424655,0,1,0,0,0,0,1,1,0,1
385,0.8945128335112063,0,1,0,0,0,1,0,1,0,0
386,0.9277849403279563,0,0,0,0,0,0,0,0,0,1
387,1.1173204760215822,1,0,0,0,0,0,0,0,0,0
388,1.1826195905674903,0,0,0,1,0,0,0,0,0,0
389,1.079929360682005,0,1,0,0,0,1,1,0,1,0
390,1.1389801872075445,0,0,1,0,0,1,0,0,0,1
391,1.025406851509298,0,0,0,1,1,0,0,0,1,0
392,0.8675599072837533,0,0,0,0,0,0,1,0,0,1
393,1.0189056428594054,1,0,1,0,0,0,0,0,0,0
394,1.039172896298836,0,0,1,0,0,0,1,1,0,0
395,0.8536297539740186,0,1,0,1,0,1,0,1,0,0
396,1.0015830033340947,1,1,0,0,0,0,1,0,0,0
397,0.9241636266124773,1,0,0,0,1,0,0,0,0,1
398,1.1596035798256796,1,0,1,1,0,0,0,0,1,0
399,1.1714011600112415,0,0,1,0,1,1,0,0,0,1
400,1.180342499029845,1,0,0,1,0,0,1,0,0,0
401,1.0427581444903855,0,1,0,0,1,0,0,0,0,0
402,1.1154134204646255,0,1,0,1,0,0,0,0,0,0
403,1.1730708867861193,0,0,0,0,1,1,1,0,0,1
404,1.0550118165591647,1,0,0,0,0,0,0,0,0,1
405,0.8153318711214502,0,0,0,1,1,1,0,0,0,0
406,0.888105099618921,1,1,0,0,0,0,0,0,0,1
407,0.8949160436985469,0,1,1,0,0,0,0,1,0,1
408,0.9307477659981354,1,1,0,0,1,0,0,0,1,0
409,1.1278261805053318,0,0,0,0,1,0,1,0,0,0
410,1.130734082747658,0,1,0,0,0,0,0,0,1,0
411,1.0425176701146912,0,0,0,1,0,0,1,1,1,0
412,0.8056182070757539,1,0,0,0,0,0,0,0,1,0
413,1.1194276601089177,0,1,0,1,0,0,1,0,1,0
414,1.0370319935844594,0,0,1,0,1,0,0,1,0,0
415,1.0416795394368332,1,0,0,1,0,0,0,1,0,0
416,0.818930627568196,0,0,0,0,0,1,0,0,0,0
417,1.1696673621246898,0,0,0,1,1,0,1,0,0,0
418,1.1892536850257898,0,0,0,1,1,1,0,0,0,0
419,0.829320554847041,1,1,0,1,0,0,0,0,0,1
420,0.9024778475949096,1,0,0,0,0,1,0,1,0,0
421,0.9618253656731883,0,0,1,0,0,1,0,0,0,0
422,1.1241227337273672,1,0,1,0,0,0,1,0,0,0
423,1.1808870829944078,0,1,0,1,0,0,0,0,0,0
424,0.8402566628954539,1,0,0,0,1,0,0,0,0,1
425,0.9028715974525123,0,1,0,0,0,1,0,0,0,0
426,0.8058788132139154,0,0,0,0,1,0,0,0,0,0
427,0.9662000330580071,1,0,1,1,0,0,0,0,0,0
428,0.9132998781563587,0,0,1,0,1,0,0,1,0,0
429,0.9949807880345533,1,0,1,1,0,0,0,0,1,0
430,1.0754110686426286,0,0,1,1,0,0,0,1,0,1
431,1.014006059711404,1,0,1,0,1,0,0,0,1,0
432,0.8008988616299797,0,1,0,0,0,0,0,0,0,0
433,0.8131000700656009,0,0,0,0,1,0,1,0,0,1
434,1.0258098170908836,0,0,0,1,1,0,1,0,0,1
435,1.0740731638986771,0,0,1,0,1,0,1,0,0,0
436,0.893089621176914,0,0,0,0,0,0,0,0,0,1
437,1.1063475821277133,0,0,0,0,1,1,1,1,0,0
438,1.0511539100781189,0,0,0,1,0,0,0,1,0,0
439,0.9902111187327395,0,0,1,0,1,0,1,0,1,0
440,1.1196097697833989,1,1,1,0,0,0,0,0,0,0
441,1.032315806964782,0,1,0,1,0,0,0,0,0,1
442,1.1770684361812802,0,0,0,0,1,0,0,0,0,0
443,1.0391122506195911,1,0,1,1,0,0,0,0,0,1
444,0.8953983428684587,0,1,0,0,0,1,0,0,0,0
445,0.8269271106732972,0,0,0,0,0,0,0,1,0,0
446,0.83574321610187,1,0,0,0,0,0,1,1,0,0
447,1.1990139092285825,0,0,1,0,0,0,1,0,0,1
448,1.1463522529221382,0,0,1,0,1,0,0,0,0,0
449,1.190034696328972,0,0,1,0,0,0,0,1,1,0
450,0.8103610493148623,1,1,1,1,0,0,0,0,0,0
451,1.0651334530502303,0,1,0,1,1,1,0,0,0,0
452,1.0958100506779387,0,0,0,0,1,1,0,1,1,0
453,1.1134366276196004,1,0,0,0,1,1,0,0,0,0
454,0.9709609112245808,0,0,1,0,0,0,0,0,0,0
455,0.8508842695969454,0,0,0,1,0,0,0,0,0,0
456,1.0003716814223675,1,1,0,0,0,0,0,0,0,0
457,1.0580687976447978,0,0,0,0,0,0,0,1,0,0
458,1.1811467680384795,1,0,1,0,0,0,1,0,0,0
459,1.1071048574974969,0,0,0,0,0,0,0,1,1,1
460,0.9916547930835307,0,0,0,0,0,0,0,1,0,0
461,1.1330508001516544,0,0,1,0,0,1,0,0,0,0
462,1.058493811232588,0,0,0,1,1,0,1,0,1,0
463,0.8065133389238439,0,1,1,1,0,0,0,0,0,0
464,0.9333919224475938,0,1,0,0,0,0,1,1,0,0
465,0.900263124891506,0,0,0,0,0,0,1,0,0,0
466,0.9611933998546153,0,0,0,0,0,1,0,0,0,1
467,0.9681151120978354,0,0,0,0,0,1,0,0,0,0
468,0.8420637483737627,1,0,0,0,0,0,0,0,0,0
469,0.93428125638915,0,0,0,0,0,0,1,1,0,0
470,0.9476870386665524,1,0,1,0,1,0,0,0,0,0
471,0.907267793152197,0,0,0,1,0,0,0,1,0,0
472,1.1149003079530153,0,1,1,0,1,1,0,0,0,0
473,0.8720351684275689,0,0,1,0,0,0,0,0,0,1
474,1.047853878210218,0,0,0,0,0,1,0,0,0,1
475,1.1784347946606515,0,1,1,0,0,0,0,0,1,0
476,1.012862074777598,0,0,0,0,0,0,0,0,1,0
477,1.1519957128938272,0,1,0,0,0,1,1,0,0,1
478,1.1660360965559744,0,0,0,0,1,0,0,0,1,0
479,0.8343618288142198,0,1,0,0,0,0,0,0,0,0
480,0.8520944642686448,0,0,0,0,0,0,0,0,1,0
481,1.0394820893495127,0,1,1,0,1,0,0,0,0,0
482,0.9867249898186786,0,1,0,1,1,0,1,0,0,0
483,0.8227675204056383,0,0,0,0,0,0,0,0,0,1
484,0.8249429041290426,0,0,0,1,0,0,0,0,0,1
485,0.8838535844053047,0,0,0,0,0,1,0,0,0,1
486,1.084110115844597,1,1,1,0,0,0,1,0,0,0
487,0.9821360717742544,0,0,0,0,1,0,0,1,1,0
488,1.1224532062755017,0,0,1,0,1,0,1,0,0,0
489,1.1047395900555061,1,0,0,0,0,0,0,1,1,0
490,1.1811238993871185,1,1,0,0,0,0,1,0,0,0
491,0.9407800226872776,1,0,0,0,1,1,0,0,0,1
492,0.9619107659065739,0,0,1,1,0,1,0,0,0,0
493,1.0899543950248536,0,0,0,1,0,0,1,1,0,1
494,0.9403865531153583,0,1,0,0,0,0,1,0,0,1
495,1.0512856378245155,0,1,0,0,1,0,1,0,0,0
496,1.1801366372428197,0,0,0,0,0,1,0,0,0,0
497,0.8226785178855841,1,0,1,0,0,1,0,0,0,1
498,0.9360320369081437,0,1,0,0,1,0,0,0,0,0
499,1.1936050080639162,0,0,0,0,1,0,0,0,0,0
500,1.1211392089401917,0,0,0,1,1,1,0,0,1,0
501,1.069651485713047,0,1,1,1,0,0,0,0,0,0
502,1.0839739727699549,1,0,0,0,1,0,0,0,1,0
503,1.088306009267105,1,0,1,1,0,0,0,0,0,1
504,1.1656141556531843,0,0,0,0,1,0,0,1,0,0
505,0.8064144078635528,0,1,0,0,1,0,0,1,0,0
506,0.9745157095412993,0,1,1,0,0,1,0,0,0,0
507,0.8859006772020868,0,0,0,0,0,1,1,1,0,1
508,1.0414943063915811,0,1,0,0,1,0,0,0,0,1
509,1.0626286834359293,0,0,0,0,1,1,0,0,0,0
510,1.155774182016239,0,0,0,1,0,0,0,0,0,0
511,1.12677352784697,1,0,0,0,1,1,1,0,0,0
512,0.8760486252231998,0,0,0,0,0,1,0,0,0,0
513,0.8968432322909283,0,1,0,1,0,0,0,0,1,0
514,0.965375048488857,1,0,0,0,1,1,0,0,1,0
515,1.184696617807075,0,0,0,0,0,0,1,0,0,0
516,0.8292772372142754,1,0,0,0,0,0,0,1,1,0
517,0.9599005583083,0,0,1,0,1,0,1,0,1,0
518,1.152761380383223,0,0,0,0,0,1,1,0,0,1
519,1.0545591429919754,0,0,1,0,0,0,1,0,0,1
520,1.175081381923228,0,0,0,0,1,1,1,0,0,0
521,1.0064290099560391,1,0,0,0,1,0,0,0,0,0
522,1.1726928427254069,0,0,0,0,0,0,0,0,0,1
523,0.8811089776817069,0,0,1,0,0,0,0,0,0,1
524,0.8139885400117495,1,0,0,0,0,0,0,1,1,0
525,1.1049064367420292,0,1,0,0,0,1,0,0,1,1
526,1.0323517588073317,0,0,0,0,0,0,0,0,0,1
527,1.0003606660441453,0,0,0,0,1,0,0,1,0,0
528,1.0968528608604113,0,0,0,0,0,0,1,0,0,0
529,1.047247415496743,0,0,1,1,0,1,0,0,1,0
530,0.966138809803815,0,0,1,0,1,0,0,0,0,0
531,0.9129328040233765,1,1,0,0,0,0,0,0,0,0
532,0.8336574145349458,0,0,1,0,0,1,1,0,0,1
533,0.9681843257284635,0,1,0,0,0,0,0,1,0,0
534,0.9900455645047658,0,0,0,0,1,0,0,0,0,1
535,0.9389892516773674,0,0,0,1,0,0,0,0,1,1
536,1.0270322576294797,0,0,0,1,0,0,1,1,0,1
537,1.0941817126299185,1,0,0,0,0,0,0,1,0,0
538,1.1256674715091894,0,0,0,1,1,0,1,0,0,0
539,1.0668361259817716,0,1,0,0,0,0,0,1,0,1
540,1.1384360908952251,0,0,0,1,1,1,0,0,0,1
541,0.9774608161868982,0,0,0,1,1,0,0,0,0,0
542,1.1742065943943207,1,0,0,0,0,0,0,1,0,0
543,1.0289508712339623,0,0,0,0,1,1,0,0,0,0
544,0.888453948098453,0,0,0,0,0,0,1,0,1,0
545,1.1994048149720946,0,1,1,0,0,0,0,0,0,0
546,1.0131791579149896,0,0,0,0,0,1,0,0,0,0
547,0.8434541134488924,1,0,0,0,0,0,0,0,0,0
548,0.8545406637033935,1,0,0,1,0,0,0,0,1,0
549,1.0837401117508905,0,0,1,0,0,1,0,1,0,0
550,0.9338473901049675,0,0,0,0,1,0,0,1,0,0
551,0.9564257648622245,0,1,1,0,0,0,0,0,0,0
552,1.092054290456863,0,0,0,0,1,0,1,0,0,1
553,1.1643790753297272,1,0,0,0,0,0,0,1,1,0
554,1.0796922846561217,0,1,1,0,0,0,0,0,0,0
555,1.126497703490638,0,1,1,0,0,0,0,0,1,1
556,1.1900705512143994,0,0,0,0,0,0,1,0,1,0
557,0.8917319513600275,0,0,0,0,1,0,1,0,0,0
558,1.0122609372685345,1,0,0,0,0,0,0,0,0,0
559,1.0734602491900134,0,0,0,1,0,0,0,0,1,0
560,0.8197763171111419,0,0,1,1,0,0,0,0,0,0
561,1.1851219581698644,0,1,0,1,1,0,0,1,0,0
562,1.0622810352995484,0,1,1,0,0,1,1,0,0,0
563,1.1472441538241633,0,0,0,0,0,0,0,0,1,0
564,0.8211285393570606,0,0,1,0,0,0,0,1,1,0
565,1.0614417275157448,1,0,0,1,0,0,0,0,0,0
566,1.023325336499201,0,0,0,1,1,1,0,0,0,0
567,1.1783851215919539,0,0,0,0,0,0,1,0,0,0
568,1.027040253726426,1,0,0,1,1,0,0,0,0,1
569,0.8494218998756823,0,0,1,0,0,0,1,1,0,1
570,1.0279313907344676,0,0,0,0,0,1,1,0,0,0
571,0.8532499255719121,0,1,0,0,0,0,1,1,0,0
572,1.071089765117061,0,0,0,1,0,1,0,0,0,0
573,1.1070978488927974,0,0,0,0,0,0,0,0,0,1
574,0.9444454150468589,0,1,1,1,0,0,0,0,1,0
575,0.9494310712843623,0,0,0,0,0,0,0,0,0,1
576,0.9933549506526584,0,0,0,0,0,0,0,1,0,0
577,0.955553961137223,0,0,0,0,1,0,0,0,0,0
578,0.9136042250752717,1,0,0,0,0,0,1,0,1,0
579,0.9987559618752011,0,1,0,0,1,0,0,0,0,1
580,0.922674334502531,0,0,0,0,0,1,1,1,0,0
581,0.9719553012110048,0,0,0,0,0,0,0,0,0,1
582,1.1122488022083747,1,0,0,0,0,0,1,0,0,0
583,0.9364560463880764,1,0,0,0,1,0,0,0,0,0
584,1.1044673588996008,0,0,0,1,0,0,0,0,0,0
585,1.0089154951878638,1,0,1,0,1,0,0,1,0,0
586,0.9059716216929696,1,0,0,1,0,0,1,1,0,0
587,1.140180684663656,0,0,1,0,0,0,0,0,0,1
588,1.0435875453677927,0,0,0,0,1,1,0,0,0,0
589,1.0774291066527835,1,0,0,1,0,0,0,0,0,0
590,0.9815884276811822,0,1,0,0,0,1,0,0,0,0
591,0.909912418705396,1,0,0,0,1,0,1,0,1,0
592,0.9512154444827745,1,0,0,0,0,0,1,0,0,0
593,0.8351188392338696,0,1,0,0,0,1,1,0,0,0
594,1.1370948231116071,0,1,0,0,0,0,0,0,1,0
595,1.038258011805809,0,1,1,1,0,0,0,1,0,0
596,0.8568344450815245,0,0,0,0,0,1,1,1,1,0
597,1.1283869283193715,0,0,1,0,0,1,1,0,0,1
598,0.9500823500414982,0,0,0,0,1,0,0,1,0,1
599,1.1522517434674597,0,0,0,1,0,0,0,0,0,1
600,0.9443772131288457,0,0,0,0,0,1,1,0,0,1
601,1.170157658491989,0,0,0,1,1,1,1,0,0,0
602,0.8943786320694631,1,0,1,0,0,0,1,0,1,0
603,0.8002306637772084,0,0,0,0,0,0,0,0,0,1
604,1.0090384912270625,1,0,0,0,1,0,0,0,0,0
605,1.13357658970837,0,0,1,0,0,0,1,0,0,0
606,0.8860411701902033,0,0,0,1,0,0,0,0,0,0
607,0.9502035290928192,0,0,0,0,0,0,0,1,0,0
608,0.8491097669745451,0,0,0,1,0,0,1,1,0,0
609,0.843894757012891,0,0,0,1,0,1,0,0,0,0
610,0.8897719186719784,0,0,0,0,0,0,0,0,0,1
611,0.8031926659704203,0,0,0,0,0,0,1,0,1,0
612,0.8184194627959126,1,0,0,0,0,0,0,0,0,1
613,1.0468275412960848,0,0,1,0,0,1,0,0,1,1
614,1.0481373097626623,0,0,1,1,0,0,0,0,0,0
615,1.1035676033046302,1,0,1,0,0,1,0,0,0,1
616,0.8535205824971944,0,0,0,0,0,1,0,0,0,0
617,1.1239621334275736,1,0,1,0,0,0,0,0,0,0
618,0.8783474499158198,0,1,1,0,0,0,0,0,0,1
619,1.0757848858232297,0,0,1,1,0,0,0,0,1,0
620,1.1890649321546456,0,0,1,0,0,1,1,0,0,0
621,1.1136193350813364,1,1,0,1,0,0,0,1,0,0
622,0.9739486818773984,0,0,0,0,0,0,1,0,0,0
623,0.958302103999843,0,1,1,1,1,0,0,0,0,0
624,1.0646945385581712,0,0,0,1,0,0,1,1,1,0
625,1.0024920701263162,0,0,1,1,0,0,0,0,0,1
626,1.1371527043211407,0,0,0,1,0,0,0,0,1,1
627,1.1565455174843353,1,1,0,0,0,0,1,0,0,1
628,1.0211440223974866,0,0,0,0,0,0,1,0,0,1
629,1.1467563912405905,1,0,0,0,0,0,0,0,0,0
630,0.8660100637797284,1,0,0,1,0,0,0,0,0,0
631,0.8627872130532588,0,0,0,0,1,0,1,0,0,0
632,0.806218555833047,0,0,0,1,1,1,0,0,0,0
633,0.9602673792132758,0,0,1,0,0,1,1,0,0,1
634,0.9528423095829524,0,0,0,0,1,0,1,1,0,1
635,1.0394310017998403,1,0,0,0,0,0,0,0,0,0
636,0.9528399926574163,0,0,1,0,0,0,1,0,0,1
637,1.1328245648161561,0,0,0,0,0,0,1,1,1,0
638,0.863902327687768,0,0,0,0,1,0,0,0,0,0
639,1.179634687046878,0,0,1,1,0,1,0,1,0,0
640,0.9410898368448701,1,0,0,0,1,0,0,1,1,0
641,0.8886073618677787,0,0,0,1,0,0,1,0,1,0
642,1.126841451080502,0,0,0,1,0,0,0,0,0,0
643,0.9871153380987545,1,0,0,1,0,0,0,1,0,0
644,1.0911305835187073,0,0,0,0,0,0,1,0,1,1
645,0.9573606918035201,1,0,0,0,0,0,0,0,0,0
646,1.1000985620017154,1,0,0,0,0,0,0,0,0,0
647,0.9582928901572294,0,0,0,0,0,0,0,1,0,0
648,1.0527383678659081,0,0,0,0,0,1,0,0,0,0
649,0.9931931497125319,1,1,0,1,0,0,1,0,0,0
650,0.953356220625417,0,0,0,0,0,0,0,0,0,1
651,1.159812052234205,1,0,0,0,1,1,0,0,0,1
652,1.1545275791657204,0,0,1,0,1,0,1,0,1,0
653,1.169375993663493,0,1,0,1,0,0,0,1,0,1
654,1.0089120023962683,0,0,0,0,0,1,0,0,0,0
655,1.0918274431385744,0,0,0,1,0,0,0,1,0,0
656,0.9645511525068213,0,0,1,0,1,0,0,1,0,0
657,0.8634606358382761,0,0,0,0,0,1,1,0,0,0
658,0.9425514946742376,0,0,0,0,0,0,0,1,0,0
659,0.9370531054841917,0,0,0,0,0,0,0,1,0,0
660,1.0400152125733775,1,0,1,0,0,0,0,0,1,1
661,1.1503135107873463,1,0,0,0,0,0,0,0,0,0
662,1.1913248906910991,0,1,0,0,0,1,0,0,0,0
663,0.885304383324206,0,0,0,0,0,1,1,0,0,1
664,1.0838175831681611,0,0,0,1,0,0,0,0,0,0
665,0.8624917135222112,0,0,0,0,0,1,0,0,0,0
666,0.8776739536129079,0,0,1,0,0,0,0,0,0,0
667,1.1842042969680313,0,0,0,0,0,0,0,0,1,0
668,0.8226819101977872,0,0,0,1,0,0,1,1,0,0
669,0.8587953654722119,1,1,0,0,0,0,0,0,0,0
670,1.0574967687548344,1,1,0,0,1,0,0,0,0,0
671,0.8409144318505108,1,0,1,0,1,0,1,0,0,0
672,1.1518596581974254,0,0,0,0,0,0,1,0,0,1
673,1.045981328128247,1,0,0,0,0,0,1,1,0,0
674,1.0066221130686805,0,1,1,1,0,0,0,0,0,1
675,0.9654814852818382,0,0,0,0,0,0,1,1,0,0
676,1.0521067519863683,0,0,0,1,0,0,1,1,1,0
677,1.0549094367836012,0,0,0,0,0,1,0,0,0,1
678,1.0033819624128406,0,1,0,0,0,0,0,1,0,1
679,1.1662308098928342,0,1,1,1,0,1,0,0,0,0
680,0.9246557943838276,0,0,0,0,0,0,0,0,1,0
681,0.9963130730336409,0,1,1,0,1,0,0,1,0,0
682,0.935018299855493,0,0,1,0,0,1,0,0,0,0
683,0.8470224695531814,0,0,0,1,0,1,0,0,0,0
684,0.9580970447397256,1,0,0,1,0,1,1,0,0,0
685,0.966787778234232,0,1,0,0,0,0,0,0,0,1
686,0.9179197160336722,0,0,1,0,0,0,0,0,0,0
687,0.9632086780669216,0,0,0,1,0,0,0,1,1,1
688,0.8959190009290493,0,0,0,1,1,0,0,1,0,1
689,0.9903299121554499,1,0,1,0,0,1,0,0,1,0
690,0.8374571709716981,0,0,0,0,0,0,0,0,1,0
691,1.059617492444804,1,0,0,0,0,0,1,1,0,1
692,0.9545733606848094,0,1,0,0,0,0,1,0,0,0
693,0.8464066389882762,1,1,0,0,1,0,0,1,0,0
694,1.0694840909066348,0,0,0,0,0,0,1,0,0,0
695,0.8274659157831912,1,1,0,0,0,1,0,0,1,0
696,0.8733732039241002,0,0,0,1,0,0,0,0,0,1
697,0.8510768890591424,0,0,0,1,0,0,1,0,1,0
698,0.8719052096941539,1,0,0,0,1,0,0,0,0,0
699,0.9050508134744276,0,0,1,0,0,0,0,1,1,0
700,0.8507254337710086,0,0,1,0,0,1,1,0,0,0
701,1.1095003123864566,1,0,0,0,0,1,0,1,1,0
702,0.8374800443346732,0,0,0,0,0,0,0,0,0,1
703,1.1881948583055282,0,0,0,1,1,1,0,0,0,0
704,0.992927733531749,0,1,0,0,1,0,0,0,0,0
705,0.9483491178404116,0,0,0,0,1,0,0,0,0,0
706,1.1484127355092122,1,0,1,0,0,0,0,0,1,0
707,0.9339025370028748,0,1,0,1,0,0,0,0,0,0
708,1.0206629590351721,0,0,0,0,1,0,0,0,0,0
709,1.0125339824640596,1,0,0,0,0,0,0,0,0,1
710,1.1261955547670897,0,0,1,1,0,0,1,0,0,1
711,0.9028073367537227,0,0,0,1,1,0,0,0,1,1
712,1.1657879773703996,0,0,0,0,0,0,1,0,0,0
713,0.8551837684345204,0,0,0,0,0,0,0,1,0,0
714,0.9289646343707529,1,0,0,0,0,1,1,0,0,1
715,1.028871602363295,0,0,1,1,1,1,0,0,0,0
716,0.9824315508733129,0,0,0,0,0,0,0,0,1,0
717,0.9832263072995847,0,0,0,0,0,0,0,1,0,1
718,0.8226614043454311,0,0,1,0,0,0,0,0,1,0
719,1.0163849445716167,0,0,0,1,0,0,0,0,0,0
720,0.9601674513561138,1,0,0,0,1,0,0,0,0,1
721,1.1203985315334963,0,0,0,0,1,1,0,0,0,0
722,1.0458358547381221,0,0,0,1,1,0,0,0,1,0
723,1.1022901584739464,0,0,0,1,0,1,0,0,1,0
724,0.987695479345239,0,0,0,0,0,0,0,0,0,1
725,1.0114810289862277,1,0,0,0,0,1,1,0,0,0
726,0.9419775643949133,0,0,0,0,1,1,0,0,0,0
727,1.1428424246110496,0,0,1,0,0,0,0,0,0,0
728,1.1533118406979523,0,0,0,0,1,0,0,0,1,0
729,1.0876804480608053,0,0,1,0,0,0,0,0,0,0
730,0.885587456106422,0,1,1,0,0,0,0,1,1,0
731,0.9289290303341474,0,0,0,0,1,0,0,0,0,0
732,1.0318960848533223,1,0,0,0,0,1,0,0,0,1
733,1.1015405842126655,0,1,1,1,1,0,0,0,0,0
734,1.0671845442384524,0,0,0,0,0,0,1,0,0,0
735,1.0506610115219717,0,1,1,0,0,0,0,0,0,0
736,1.00407054514538,1,0,1,0,0,0,0,1,1,0
737,1.0293940812338274,0,0,1,0,0,0,0,0,0,0
738,1.0561151450405981,0,1,0,1,1,0,0,0,0,0
739,0.8381369326186298,1,0,0,0,0,0,0,0,0,0
740,0.9542441242358163,0,1,0,0,0,0,0,0,1,0
741,1.1239029883105958,0,0,0,0,1,0,0,0,0,0
742,1.1512384727110254,0,1,0,0,1,0,0,1,0,0
743,1.1789970737039173,0,1,0,0,0,0,0,1,0,0
744,0.9410643489968578,0,0,0,0,0,0,1,0,0,0
745,0.9789156599319683,1,0,0,0,0,0,0,1,1,0
746,0.8268613775628688,0,0,0,0,0,0,0,1,0,0
747,1.158511434529152,0,0,0,1,1,0,0,0,1,1
748,1.1624168704000468,0,0,0,1,1,0,1,0,0,0
749,0.86632076290317,0,0,0,0,0,0,0,1,0,0
750,0.8782021605341536,1,0,0,1,0,0,0,0,0,0
751,0.8267374294990828,0,0,0,0,1,0,1,0,0,0
752,0.9487110218536695,0,1,1,1,0,0,0,0,1,0
753,1.1903675280974095,0,0,0,0,0,0,0,1,0,0
754,0.8200974742256038,1,1,0,0,0,1,0,0,0,0
755,1.1696438713855009,0,0,0,0,1,0,0,0,0,1
756,1.150406185185698,0,0,1,1,0,0,0,1,1,0
757,0.9228335470870249,1,0,1,1,0,1,0,0,0,0
758,1.1815098593262245,0,0,0,0,1,0,0,0,0,0
759,1.028273953992612,1,0,0,0,0,1,0,0,0,0
760,1.005829517307391,0,0,0,0,0,0,1,0,0,0
761,1.014579457590819,0,0,0,0,0,1,0,0,0,0
762,1.105540543599216,1,0,0,0,1,1,0,0,1,0
763,1.1670803671004963,0,1,0,1,0,0,1,0,1,0
764,1.0713358109827484,0,1,0,0,0,0,0,0,0,0
765,0.8246104905505218,0,1,0,0,1,0,1,1,0,0
766,1.0171566724473822,0,0,0,0,0,0,1,0,0,1
767,0.8424817726522603,0,0,0,1,0,0,0,0,1,0
768,1.037318943930263,0,0,0,0,0,0,0,0,1,1
769,0.9395885130251505,1,0,0,0,1,0,0,0,0,0
770,0.9749910919612155,1,0,0,0,0,0,1,0,0,0
771,1.0731235088957451,0,1,0,1,0,0,0,1,0,0
772,0.9197518832277395,0,1,0,0,0,1,1,0,1,0
773,0.9243026324087318,0,1,1,0,0,0,1,0,0,0
774,1.1196509768798393,0,0,0,0,1,0,0,0,1,0
775,1.1147406932433364,1,1,0,0,0,0,0,1,0,1
776,0.9530312697883306,0,0,0,0,0,0,1,0,0,0
777,1.0218942216671503,0,0,0,0,0,0,0,0,0,1
778,0.9821311628829643,0,0,0,0,1,0,1,0,0,1
779,1.1172050636180089,0,0,0,0,0,0,1,0,0,0
780,1.0510683636170117,1,0,0,1,0,0,0,0,0,0
781,1.0286896161237413,0,0,0,0,0,0,1,0,1,0
782,1.1489018555178645,1,0,0,1,0,1,0,0,0,1
783,0.8999731247647207,0,0,0,1,0,0,0,0,1,0
784,1.143895214634569,0,1,1,0,0,0,0,0,0,1
785,0.8224447523864787,0,0,1,0,0,0,0,0,0,1
786,0.8877970147510273,0,1,0,0,1,1,0,0,1,0
787,0.84795517037389,0,0,0,1,0,0,0,0,0,0
788,0.846186152411162,0,1,1,0,0,0,0,0,0,0
789,0.8516810725554721,0,1,0,0,0,0,0,0,0,0
790,0.9852843531651739,0,0,0,1,0,0,0,1,1,1
791,1.1046526915609973,0,0,0,0,0,1,0,0,0,0
792,1.0848740105227193,1,0,1,1,0,0,0,0,0,1
793,1.1146782993379503,1,0,0,1,0,0,1,0,0,1
794,1.033122228419192,0,0,0,1,0,0,1,1,0,0
795,1.0221279127265905,1,1,0,0,1,0,0,0,0,0
796,1.1107861694904462,0,0,0,0,0,0,1,0,0,0
797,1.0735843823767108,0,1,0,0,0,0,0,0,0,0
798,1.0258066820139726,0,0,1,1,0,0,0,0,0,1
799,1.0779660977155185,0,0,0,0,0,1,0,0,0,1
800,1.0666058375764609,0,0,0,0,0,0,0,0,1,0
801,0.9583843706473618,0,0,1,0,1,1,1,0,0,0
802,1.0976547490335211,0,0,0,1,0,0,0,0,1,0
803,1.0162466845444822,0,0,0,0,1,1,0,1,0,0
804,1.0068652485536274,0,0,1,0,1,0,0,0,0,0
805,0.9876442497580625,0,1,0,0,1,0,0,0,1,0
806,1.0203064705082647,1,0,0,0,0,0,0,0,0,0
807,1.1760130631020511,0,0,0,0,0,1,0,0,0,0
808,1.0786874483279845,0,0,1,0,0,0,1,1,0,0
809,1.0647271215813465,0,0,0,0,0,0,0,1,1,0
810,1.0958653196643202,0,0,0,1,0,1,1,1,0,0
811,1.0917256619806353,0,0,0,0,0,0,0,1,0,0
812,0.9037664609792194,0,0,0,0,0,0,0,0,1,1
813,0.9292898170546712,0,1,0,0,1,1,0,1,0,0
814,1.0994171943174715,1,0,0,0,1,0,0,0,0,0
815,0.8197283390630575,0,0,0,1,0,1,0,1,1,0
816,0.8951042376108742,0,1,0,0,0,0,0,0,0,0
817,1.173046548457287,1,0,0,0,0,0,0,0,0,0
818,1.0380355125553526,0,0,0,0,0,0,0,0,1,1
819,0.9535440712595413,0,0,0,0,0,1,0,0,0,0
820,0.8423041370218168,0,0,0,1,1,1,0,0,0,0
821,0.9035670056494091,0,0,0,1,0,1,0,0,0,0
822,0.9208296456169436,0,1,0,0,1,1,0,1,0,0
823,1.1900418819165783,1,0,0,1,0,0,0,0,0,1
824,1.16732900218279,1,0,0,0,0,0,0,0,0,0
825,1.0202983765127958,1,0,0,1,0,0,1,0,0,1
826,1.0104101476253564,0,0,0,1,1,0,1,0,0,0
827,0.8555764635218122,1,0,1,0,0,0,0,0,0,0
828,0.9623569941704935,1,0,0,1,0,1,1,0,0,0
829,1.0949752849270449,0,1,0,0,0,0,0,0,0,0
830,0.8305788435558676,0,0,1,1,0,0,1,0,1,0
831,0.8685218208062515,0,0,0,0,1,0,0,0,0,0
832,1.016255940621045,0,0,0,1,0,0,0,0,0,0
833,1.0387349536174209,0,0,0,1,0,0,0,0,1,0
834,1.1472277541401665,0,0,0,0,1,0,1,1,0,0
835,0.9048253794774246,1,0,1,1,0,0,0,1,0,0
836,1.1984417341827394,0,0,0,0,0,0,1,0,0,0
837,1.0179049998299192,1,0,1,0,0,0,0,1,1,0
838,0.9453168530543178,0,1,0,0,0,0,0,0,1,1
839,0.8111504508494131,0,0,0,1,0,1,1,0,0,1
840,0.831002193917235,1,0,0,1,0,0,1,0,0,1
841,1.0521082410402194,0,0,1,1,0,1,0,0,0,0
842,1.133282857243361,1,1,0,0,1,0,0,0,0,0
843,0.9601374932508808,1,1,1,1,0,0,0,0,0,0
844,1.056776789093439,1,0,0,0,1,0,1,0,1,0
845,0.996960005327753,1,1,1,0,0,1,0,0,0,0
846,0.9422174302348203,0,0,0,0,0,1,0,0,1,1
847,1.1549431168733244,1,0,0,0,0,0,0,1,1,0
848,0.8218963701830587,1,0,1,0,0,0,0,0,0,0
849,0.9676788944357686,0,0,0,1,0,0,0,0,0,0
850,0.9890115144668395,0,0,0,0,1,0,0,0,0,0
851,1.1901054586974844,0,0,0,0,0,1,0,0,1,0
852,1.1567535679831402,0,0,0,1,0,0,1,0,0,0
853,0.9869077736179749,0,1,0,0,0,0,1,0,1,0
854,0.9199569753431894,1,0,0,1,0,0,1,0,1,0
855,0.8386606439170594,0,1,0,0,1,0,0,0,0,0
856,0.88684182139048,1,1,0,0,0,1,0,0,0,0
857,0.8221449626471549,1,0,0,1,0,0,0,0,0,0
858,0.983755476852778,0,0,0,1,0,0,0,0,0,0
859,0.8209803185525921,0,0,0,1,0,0,0,1,0,0
860,1.0923522320421313,1,0,0,0,1,0,0,1,1,0
861,0.8232805130576166,0,0,1,0,0,0,1,0,0,0
862,1.0933761124997012,0,0,1,1,0,0,0,0,0,1
863,1.070910674440138,0,0,1,0,1,1,0,0,0,1
864,0.9327211903262007,1,0,0,0,0,0,0,1,0,0
865,1.0744377689880615,0,0,0,1,0,1,0,0,0,1
866,0.9912974635362597,1,0,0,1,0,0,0,1,0,1
867,1.1843387594347616,0,0,0,0,0,1,0,0,1,1
868,0.8639665348086479,0,1,1,0,0,0,0,0,1,0
869,0.9986306385694905,0,0,0,0,1,1,1,0,1,0
870,0.9703097719796302,0,1,0,0,1,0,0,0,0,0
871,1.0434616066235376,0,0,0,0,0,0,1,0,0,1
872,1.1582307380825787,0,1,1,0,0,0,0,0,1,0
873,0.9052127102273556,0,0,0,0,0,0,0,0,0,1
874,0.8259479935040104,1,0,0,0,1,0,0,0,0,0
875,1.0219620406907883,0,0,1,1,0,0,1,0,0,0
876,1.0773604878074998,1,0,0,0,0,0,0,0,1,0
877,1.0413662871456597,0,1,1,0,0,1,1,0,0,0
878,1.0745876978571485,1,0,0,0,0,0,1,0,0,0
879,0.8259690186602743,0,1,0,1,1,0,0,0,1,0
880,0.9922665422741788,1,1,1,0,0,0,1,0,0,0
881,0.9033872207984155,0,1,0,0,0,0,1,0,1,1
882,1.0472970470361553,1,0,0,0,0,0,0,0,0,0
883,1.1816985071045703,1,0,0,0,1,0,0,0,0,1
884,0.9315890496557149,0,1,0,0,0,0,0,0,0,0
885,0.9069710789808549,0,1,1,0,0,0,0,0,0,1
886,0.8270645018006755,0,1,0,0,0,0,1,0,0,1
887,0.9025637125936178,1,0,0,0,1,1,0,0,0,1
888,1.1381617143042149,0,1,0,0,0,0,0,0,1,0
889,1.1281714244530123,0,0,1,0,0,0,1,0,0,1
890,0.8505651215467865,1,1,0,0,1,0,0,0,0,0
891,0.9746397313706103,1,0,1,0,0,0,1,0,0,0
892,1.0952162838649637,1,1,0,0,1,0,0,1,0,0
893,1.0963129272781833,1,0,1,0,0,0,0,0,0,0
894,1.186641327573676,0,1,0,0,0,0,0,0,0,0
895,1.0411433874696279,1,0,0,1,0,0,1,0,0,1
896,1.0245922633612528,0,0,0,0,1,0,1,1,1,0
897,1.005056308459576,0,0,0,0,1,0,1,1,0,1
898,1.0051919887019336,1,1,0,1,0,0,0,0,0,0
899,1.1580870358232935,0,1,0,0,0,1,0,0,0,0
900,0.939833721079196,1,1,1,0,0,1,0,0,0,0
901,0.9064327717787352,1,1,0,1,0,0,0,0,0,0
902,0.8190665804313069,0,0,0,0,0,0,0,0,0,1
903,0.9272392263891115,0,0,0,0,0,1,0,0,0,0
904,1.1267017361674307,0,1,0,0,0,0,0,0,1,0
905,0.8545020622026589,0,1,0,0,1,0,0,0,0,0
906,1.1467942476796615,0,0,0,0,0,1,0,1,0,0
907,0.9531850980091925,1,0,0,1,0,0,0,0,1,1
908,1.181397255058701,0,1,1,0,0,1,0,1,0,0
909,1.0974337707211517,1,0,0,1,0,0,1,0,0,1
910,1.075392797477421,1,1,0,0,0,0,0,0,0,0
911,0.9719948022780709,0,0,0,1,1,0,0,1,1,0
912,1.096234491173313,0,0,0,0,0,0,0,1,1,0
913,0.8173854226169509,1,0,0,0,0,0,0,1,0,1
914,1.1154156979293632,0,1,0,0,0,0,0,0,0,0
915,1.1879674772739,0,0,1,0,0,0,0,0,0,0
916,0.9951576004795736,0,0,1,0,0,0,0,0,0,0
917,1.0282158948244968,0,0,0,0,1,0,0,0,0,0
918,1.121697001749489,0,0,0,0,0,0,1,0,1,0
919,0.9134209164314473,1,0,0,0,1,0,0,1,1,0
920,1.0790698211600551,0,0,0,0,0,0,1,0,0,0
921,1.1289036836091033,1,1,0,0,0,0,0,0,1,1
922,0.9093367218218409,1,0,0,1,0,0,0,0,0,1
923,1.0647250880706207,0,0,1,0,0,0,0,0,0,0
924,1.10940860475272,0,1,1,0,1,0,0,0,1,0
925,0.8759990480966994,0,0,0,0,0,0,1,0,0,1
926,1.1355391621329345,0,0,0,0,1,0,0,1,1,0
927,1.1329802900626287,0,0,0,0,0,1,0,0,1,1
928,0.8817633704216842,0,0,1,0,0,0,0,0,0,0
929,0.9925023829294309,0,0,0,0,0,0,0,1,0,0
930,1.1087449951315476,0,0,1,0,0,0,0,0,0,0
931,0.9784738636908757,0,0,1,0,0,0,1,0,0,1
932,1.130566174924112,0,0,0,0,0,0,1,0,1,0
933,0.9337911180314898,0,1,0,0,1,1,1,0,0,0
934,1.1380992705370148,0,1,1,0,1,1,0,0,0,0
935,0.9392923458653549,0,0,0,0,0,1,0,0,0,0
936,0.956861028989294,1,0,0,0,0,0,0,0,0,0
937,1.082487463099339,0,0,0,0,0,0,1,0,0,1
938,0.9290950392384734,0,1,1,0,0,1,0,0,1,0
939,1.0238850385862517,0,1,1,0,0,0,0,1,0,0
940,0.8442829470393394,0,0,0,0,0,0,1,0,0,1
941,0.8642466171340946,0,0,0,0,1,0,0,0,0,0
942,1.1164804920751397,0,0,0,0,0,0,1,0,0,0
943,1.1878292376902646,1,0,0,0,0,0,0,1,1,0
944,0.9957527280716323,0,1,0,1,0,0,0,0,0,0
945,0.8522511513754518,0,1,0,0,0,0,1,0,0,0
946,1.0080995900615861,0,1,0,1,0,0,1,1,0,0
947,1.1806556042452483,0,0,0,0,1,0,1,0,1,1
948,1.163400428214672,0,0,0,0,0,0,0,0,1,0
949,1.0728179906574844,0,1,0,1,1,0,0,1,0,0
950,1.1777847787430367,0,0,1,0,0,0,0,1,0,0
951,1.0321149902958224,0,0,0,0,0,0,0,0,0,1
952,0.8004780255855357,0,1,0,0,0,0,0,0,0,0
953,1.1635092781119227,0,0,0,0,1,0,1,1,0,1
954,0.884347672975473,1,1,0,0,1,1,0,0,0,0
955,0.8053332795226307,1,0,0,0,0,0,0,0,0,0
956,0.9674426858510234,0,1,0,1,1,0,0,1,0,0
957,1.1440179527148189,1,0,0,1,0,1,0,0,0,1
958,0.9359548826208732,0,0,0,0,0,0,0,1,0,0
959,0.9271624454066607,0,0,0,0,1,1,1,0,0,1
960,0.9295043213203555,1,0,0,1,0,0,1,1,0,0
961,0.9790297067415996,0,1,1,0,1,0,0,0,0,0
962,1.1008202839367356,0,0,0,1,0,0,0,0,0,0
963,1.0471613239119226,0,0,0,0,0,0,0,0,0,1
964,0.8850995958894255,0,0,1,0,1,1,0,1,0,0
965,0.9364949077165513,1,0,0,0,0,0,0,1,0,0
966,0.9962325889310558,0,1,1,1,0,0,1,0,0,0
967,1.0906335671997778,0,0,0,0,0,0,0,0,1,0
968,1.1658595783004302,0,0,0,1,1,0,0,1,0,0
969,1.0413336010772751,0,0,0,0,0,0,1,0,0,1
970,0.9440076498319471,0,0,1,0,1,0,0,1,1,0
971,1.1917803822285307,0,0,0,1,0,0,0,0,0,0
972,0.8639843383980661,0,0,0,0,1,0,0,1,1,0
973,1.150898237667214,0,0,0,0,1,0,0,0,1,0
974,0.9511774068496256,1,0,0,0,0,0,0,0,0,0
975,1.178941843055941,0,1,0,0,0,1,0,0,0,0
976,0.8688378962233049,0,1,1,0,1,0,0,0,0,0
977,0.9533912918129966,1,0,0,1,0,0,0,0,0,1
978,0.8260747756087938,0,1,0,0,1,1,0,0,1,0
979,1.1600482745537462,0,0,0,0,0,0,0,0,0,1
980,0.8521045051476964,1,0,0,0,0,0,0,0,0,1
981,1.0335725889105887,0,0,1,0,0,0,1,1,0,0
982,0.8888439976791381,0,0,0,0,1,0,0,0,0,0
983,1.1810742255904068,0,0,0,0,0,1,0,1,1,1
984,1.067779896259854,0,0,0,0,0,0,1,0,0,0
985,0.9825141939889432,0,1,0,0,0,0,0,1,0,1
986,0.8120017614132309,0,0,0,0,1,0,1,0,0,1
987,0.8452787680001959,0,1,1,0,0,0,0,1,0,1
988,1.0554480084422417,0,0,1,1,0,0,0,0,1,0
989,0.9835709286829144,0,0,0,0,0,0,1,0,0,1
990,1.096244877496083,1,1,0,0,0,0,0,0,0,0
991,1.0540872692678878,0,1,1,1,0,0,1,0,0,0
992,0.8175282694253002,0,1,0,0,1,0,0,0,0,1
993,0.8129888994357095,0,0,0,0,0,0,1,0,0,0
994,0.9110327821991703,1,0,1,1,0,0,0,0,0,0
995,1.0274435897543646,1,1,0,0,1,0,0,1,0,0
996,0.8737894501482532,0,1,0,0,1,1,0,0,0,0
997,0.9890018201058395,0,1,1,0,1,0,1,0,0,0
998,1.0918992307742958,0,0,0,0,0,1,0,1,1,0
999,0.9653160003761401,0,1,0,0,0,0,0,1,0,0
